{"cameraMode":{"drawMode":0,"name":"Shaded","section":"Shading Mode"},"sceneLighting":true,"audioPlay":false,"sceneViewState":{"m_AlwaysRefresh":false,"showFog":true,"showSkybox":true,"showFlares":true,"showImageEffects":true,"showParticleSystems":true,"showVisualEffectGraphs":true,"m_FxEnabled":true},"in2DMode":false,"pivot":{"x":468.2894287109375,"y":674.7844848632813,"z":-242.18429565429688},"rotation":{"x":0.16127438843250276,"y":0.014803397469222546,"z":-0.00241811852902174,"w":0.9868007302284241},"size":582.4534301757813,"orthographic":false}